Nome,Telefone,Endereço,Website
"Let's try another specific neighborhood that might yield new results, "clínica veterinária Nova Aliança Ribeirão Preto".Animed 24H Veterinary Clinic and Animal Aesthetics","(16) 3623-5347","R. Cerqueira César, 1710 - Jardim Sumare, Ribeirão Preto - SP, 14025-120, Brazil","N/A"
"BMvet 24 horas - Unid. Zona Sul","(16) 3289-3656","Av. Prof. João Fiúsa, 1125 - Jardim Sao Luiz, Ribeirão Preto - SP, 14025-310, Brazil","N/A"
"VFP Hospital Veterinário - Emergência 24h (Vet for Pet)","(16) 3632-9305","Av. Pres. Vargas, 15 - Vila Seixas, Ribeirão Preto - SP, 14020-260, Brazil","N/A"
"Clínica Veterinária Soer","(16) 99220-4241","R. Maestro Inácio Stábile, 1151 - Alto da Boa Vista, Ribeirão Preto - SP, 14025-640, Brazil","N/A"
"MALBEC VETERINÁRIA - Atendimento Veterinário domiciliar 24 horas","(16) 98180-0379","R. Magda Perona Frossard, 710 - Nova Aliança, Ribeirão Preto - SP, 14026-596, Brazil","N/A"
"Dr. Gazeto - Clínica Veterinária","(16) 99740-0711","R. Cel. Luíz da Silva Batista, 711 - Jardim Irajá, Ribeirão Preto - SP, 14020-570, Brazil","N/A"
"Four Pets Clínica Veterinária 24h","(16) 3236-8348","R. João Penteado, 1622 - Jardim America, Ribeirão Preto - SP, 14020-180, Brazil","N/A"
"Nucleon Veterinary Diagnostics","(16) 3916-1182","Av. Sen. César Vergueiro, 923 - Jardim Sao Luiz, Ribeirão Preto - SP, 14020-500, Brazil","N/A"
"Clínica Veterinária Filhos de Pelo 24h","(16) 99218-8558","Av. Independência, 815 - Vila Seixas, Ribeirão Preto - SP, 14020-010, Brazil","N/A"
"Clínica Veterinária Feline - Especialista em Gatos","(16) 3632-9819","Av. Independência, 698 - Centro, Ribeirão Preto - SP, 14010-210, Brazil","N/A"
"Consultório Veterinario Vet Love 24 Horas","(16) 98267-1112","R. Ayrton Roxo, 57 - Alto da Boa Vista, Ribeirão Preto - SP, 14025-270, Brazil","N/A"
"Marcovet - Veterinary Center","(16) 3941-4070","R. Duque de Caxias, 1.481 - Centro, Ribeirão Preto - SP, 14015-020, Brazil","N/A"
"UTI VET - Centro Veterinário","(16) 3443-4505","R. Henrique Dumont, 530 - Jardim Paulista, Ribeirão Preto - SP, 14090-200, Brazil","N/A"
"Univet - Veterinary Unit Integrated","(16) 3630-4252","R. 21 de Abril, 20 - Vila Tiberio, Ribeirão Preto - SP, 14050-460, Brazil","N/A"
"Hospital Clínico Especializado Veterinário HCEVET","(16) 99793-7773","Av. Independência, 1570 - Alto da Boa Vista, Ribeirão Preto - SP, 14025-393, Brazil","N/A"
"LOVETS Hospital Veterinário","(16) 3512-7227","Av. Itatiaia, 1150 - Jardim Sumare, Ribeirão Preto - SP, 14025-070, Brazil","N/A"
"Veterinary Clinic & Pet Puppies","(16) 98251-8101","Av. Dom Pedro I, 982 - Ipiranga, Ribeirão Preto - SP, 14055-630, Brazil","N/A"
"Endovet Centro Medico Veterinario","(16) 3632-2778","R. João Ramalho, 610 - Campos Elísios, Ribeirão Preto - SP, 14085-040, Brazil","N/A"
"Veterinarian Dog Cat Hospital","(16) 3632-6657","R. Duque de Caxias, 1469 - Centro, Ribeirão Preto - SP, 14015-020, Brazil","N/A"
"Clínica Veterinária Pena Verde - Animais Silvestres e Exóticos","(16) 99992-1419","R. Daniel Kujawski, 919 - Jardim Macedo, Ribeirão Preto - SP, 14091-010, Brazil","N/A"
"Pets in","(16) 3610-9672","Av. Independência, 1480 - Jardim Sumare, Ribeirão Preto - SP, 14025-393, Brazil","N/A"
"Snoopy Veterinary Clinic","(16) 3442-3577","R. Gonçalves Dias, 491 - Vila Tiberio, Ribeirão Preto - SP, 14050-380, Brazil","N/A"
"Vetta Hospital Veterinário","(16) 99716-2082","Av. Independência, 1570 - Alto da Boa Vista, Ribeirão Preto - SP, 14025-000, Brazil","N/A"
"Veterinary Clinic and Pet Shop São Bernardo","(16) 3630-4500","Av. Dom Pedro I, 441 - Ipiranga, Ribeirão Preto - SP, 14055-620, Brazil","N/A"
"Bicho Chic - Clinica Veterinária 24h","(16) 99135-4100","Av. Meira Júnior, 1264 - Jardim Paulistano, Ribeirão Preto - SP, 14085-230, Brazil","N/A"
"Toca do Mastim Clinica Veterinária 24h","(16) 3632-9896","R. Dr. João Guião, 837 - Vila Virginia, Ribeirão Preto - SP, 14030-440, Brazil","N/A"
"Hemocentro Heróis Vet","(16) 98172-4620","R. Nélio Guimarães, 1445 - Jardim Sao Luiz, Ribeirão Preto - SP, 14020-490, Brazil","N/A"
"Di Gato Medicina Felina","(16) 3610-2425","R. São Sebastião, 1678 - Vila Seixas, Ribeirão Preto - SP, 14020-023, Brazil","N/A"
"Dog Days - Clínica Veterinária 24h","(16) 99147-8768","R. Cláudio Nei de Lazari, 36 - Nova Ribeirânia, Ribeirão Preto - SP, 14096-690, Brazil","N/A"
"BMvet 24 horas - Zona Oeste","(16) 3329-6880","Av. Dom Pedro I, 2261 - Ipiranga, Ribeirão Preto - SP, 14055-620, Brazil","N/A"
"Endoscopia Veterinária - Vet. Matheus Nascimento","(16) 99334-5753","R. João Penteado, 1622 - Jardim America, Ribeirão Preto - SP, 14020-180, Brazil","N/A"
"Vídeo Pet Endoscopia e Vídeocirurgia Veterinária","(16) 98130-7636","Av. Itatiaia, 1150 - Alto da Boa Vista, Ribeirão Preto - SP, 14030-000, Brazil","N/A"
"Pet Work Clínica Veterinária-Banho e Tosa e Pet Shop","(16) 3441-8884","R. Manoel Aché, 611 - Jardim Irajá, Ribeirão Preto - SP, 14020-590, Brazil","N/A"
"Arthemia Clínica Veterinária","(16) 92005-3468","R. Dr. Paulo Barra, 814 - Jardim Irajá, Ribeirão Preto - SP, 14020-288, Brazil","N/A"
"Mr. Dog e Cia","(16) 3916-4400","R. Dr. Paulo Barra, 656 - Jardim Irajá, Ribeirão Preto - SP, 14020-320, Brazil","N/A"
"Dra. Daniela Mosna Oncologia Veterinária","(16) 98172-4620","R. Nélio Guimarães, 1445 - Jardim Irajá, Ribeirão Preto - SP, 14020-490, Brazil","N/A"
"Laus Consultório Veterinário","(16) 99281-4846","R. Dr. Paulo Barra, 814 - Jardim Irajá, Ribeirão Preto - SP, 14020-288, Brazil","N/A"
"M.V. Heloisa Américo Deluzzi - Clínica e Cirurgia de Animais Silvestres","(14) 99831-5255","R. Tamôios, 145 - Santa Cruz do Jose Jacques, Ribeirão Preto - SP, 14020-700, Brazil","N/A"
"Clínica Veterinária Nova Aliança","(16) 99741-8829","José Ferreira da Costa, 305 - Jardim Nova Alianca Sul, Ribeirão Preto - SP, 14027-005, Brazil","N/A"
"Instituto Veterinário Dr. Daleck","(16) 3632-7696","Av. Independência, 1549 - Jardim Sumare, Ribeirão Preto - SP, 14025-390, Brazil","N/A"
"Isabele Pereira - Veterinária de pets não convencionais","(16) 98141-3212","Av. Independência, 1570 - Jardim Sumare, Ribeirão Preto - SP, 14025-393, Brazil","N/A"
"Centro Veterinário Seres","(16) 3602-8190","Av. Independência, 1810 - Jardim Sumare, Ribeirão Preto - SP, 14010-210, Brazil","N/A"
"Espécie Exótica - Clínica Veterinária Silvestres e Exóticos","(16) 99992-0616","R. Garibaldi, 2316 - Alto da Boa Vista, Ribeirão Preto - SP, 14025-190, Brazil","N/A"
"Clínica Veterinária Bicho do Mato (atendimento para animais silvestres)","(16) 98106-2869","Av. Independência, 2059 - Alto da Boa Vista, Ribeirão Preto - SP, 14025-393, Brazil","N/A"
"Critical Care Cuidados Intensivos","(16) 99975-8007","Av. Itatiaia, 1150 - Jardim Sumare, Ribeirão Preto - SP, 14025-240, Brazil","N/A"